shipment_id,order_date,promised_delivery_date,actual_delivery_date,origin,destination,carrier,shipping_cost,distance_km
SHP0001,2025-01-03,2025-01-07,2025-01-08,Chennai,Pune,ParcelPro,66.35,357
SHP0002,2025-01-04,2025-01-10,2025-01-10,Kolkata,Delhi,RoadRunner,56.78,494
SHP0003,2025-01-05,2025-01-08,2025-01-08,Delhi,Pune,BlueDart,93.22,631
SHP0004,2025-01-07,2025-01-12,2025-01-12,Hyderabad,Pune,SwiftShip,82.65,768
SHP0005,2025-01-08,2025-01-10,2025-01-11,Ahmedabad,Delhi,ParcelPro,89.08,905
SHP0006,2025-01-10,2025-01-14,2025-01-14,Bengaluru,Pune,RoadRunner,81.51,1042
SHP0007,2025-01-11,2025-01-17,2025-01-16,Pune,Delhi,BlueDart,100.94,1179
SHP0008,2025-01-13,2025-01-16,2025-01-16,Mumbai,Delhi,SwiftShip,90.38,1316
SHP0009,2025-01-14,2025-01-19,2025-01-21,Chennai,Pune,SwiftShip,108.81,1453
SHP0010,2025-01-16,2025-01-18,2025-01-21,Kolkata,Delhi,ParcelPro,115.24,1590
SHP0011,2025-01-17,2025-01-21,2025-01-21,Delhi,Pune,RoadRunner,105.67,1727
SHP0012,2025-01-18,2025-01-24,2025-01-24,Hyderabad,Pune,BlueDart,127.10,1864
SHP0013,2025-01-20,2025-01-23,2025-01-23,Ahmedabad,Delhi,SwiftShip,56.06,321
SHP0014,2025-01-21,2025-01-26,2025-01-26,Bengaluru,Pune,ParcelPro,62.49,458
SHP0015,2025-01-23,2025-01-25,2025-01-25,Pune,Delhi,RoadRunner,69.92,595
SHP0016,2025-01-24,2025-01-28,2025-01-28,Mumbai,Delhi,BlueDart,89.35,732
SHP0017,2025-01-26,2025-02-01,2025-02-01,Chennai,Pune,SwiftShip,78.78,869
SHP0018,2025-01-27,2025-01-30,2025-01-30,Kolkata,Delhi,SwiftShip,82.22,1006
SHP0019,2025-01-29,2025-02-03,2025-02-05,Delhi,Pune,ParcelPro,88.65,1143
SHP0020,2025-01-30,2025-02-01,2025-01-31,Hyderabad,Pune,RoadRunner,96.08,1280
SHP0021,2025-02-01,2025-02-05,2025-02-06,Ahmedabad,Delhi,BlueDart,115.51,1417
SHP0022,2025-02-02,2025-02-08,2025-02-08,Bengaluru,Pune,SwiftShip,104.94,1554
SHP0023,2025-02-03,2025-02-06,2025-02-06,Pune,Delhi,ParcelPro,128.38,1691
SHP0024,2025-02-05,2025-02-10,2025-02-10,Mumbai,Delhi,RoadRunner,103.81,1828
SHP0025,2025-02-06,2025-02-08,2025-02-09,Chennai,Pune,BlueDart,62.76,285
SHP0026,2025-02-08,2025-02-12,2025-02-12,Kolkata,Delhi,SwiftShip,69.19,422
SHP0027,2025-02-09,2025-02-15,2025-02-14,Delhi,Pune,SwiftShip,70.62,559
SHP0028,2025-02-11,2025-02-14,2025-02-14,Hyderabad,Pune,ParcelPro,77.06,696
SHP0029,2025-02-12,2025-02-17,2025-02-19,Ahmedabad,Delhi,RoadRunner,84.49,833
SHP0030,2025-02-14,2025-02-16,2025-02-19,Bengaluru,Pune,BlueDart,88.92,970
SHP0031,2025-02-15,2025-02-19,2025-02-19,Pune,Delhi,SwiftShip,78.35,1107
SHP0032,2025-02-16,2025-02-22,2025-02-22,Mumbai,Delhi,ParcelPro,101.78,1244
SHP0033,2025-02-18,2025-02-21,2025-02-21,Chennai,Pune,RoadRunner,92.22,1381
SHP0034,2025-02-19,2025-02-24,2025-02-24,Kolkata,Delhi,BlueDart,111.65,1518
SHP0035,2025-02-21,2025-02-23,2025-02-23,Delhi,Pune,SwiftShip,118.08,1655
SHP0036,2025-02-22,2025-02-26,2025-02-26,Hyderabad,Pune,SwiftShip,104.51,1792
SHP0037,2025-02-24,2025-03-02,2025-03-02,Ahmedabad,Delhi,ParcelPro,67.46,249
SHP0038,2025-02-25,2025-02-28,2025-02-28,Bengaluru,Pune,RoadRunner,57.90,386
SHP0039,2025-02-27,2025-03-04,2025-03-06,Pune,Delhi,BlueDart,77.33,523
SHP0040,2025-02-28,2025-03-02,2025-03-01,Mumbai,Delhi,SwiftShip,83.76,660
SHP0041,2025-03-02,2025-03-06,2025-03-07,Chennai,Pune,ParcelPro,90.19,797
SHP0042,2025-03-03,2025-03-09,2025-03-09,Kolkata,Delhi,RoadRunner,65.62,934
SHP0043,2025-03-04,2025-03-07,2025-03-07,Delhi,Pune,BlueDart,102.06,1071
SHP0044,2025-03-06,2025-03-11,2025-03-11,Hyderabad,Pune,SwiftShip,91.49,1208
SHP0045,2025-03-07,2025-03-09,2025-03-10,Ahmedabad,Delhi,SwiftShip,92.92,1345
SHP0046,2025-03-09,2025-03-13,2025-03-13,Bengaluru,Pune,ParcelPro,116.35,1482
SHP0047,2025-03-10,2025-03-16,2025-03-15,Pune,Delhi,RoadRunner,106.78,1619
SHP0048,2025-03-12,2025-03-15,2025-03-15,Mumbai,Delhi,BlueDart,111.22,1756
SHP0049,2025-03-13,2025-03-18,2025-03-20,Chennai,Pune,SwiftShip,117.65,1893
SHP0050,2025-03-15,2025-03-17,2025-03-20,Kolkata,Delhi,ParcelPro,63.60,350
SHP0051,2025-03-16,2025-03-20,2025-03-20,Delhi,Pune,RoadRunner,54.03,487
SHP0052,2025-03-17,2025-03-23,2025-03-23,Hyderabad,Pune,BlueDart,90.46,624
SHP0053,2025-03-19,2025-03-22,2025-03-22,Ahmedabad,Delhi,SwiftShip,79.90,761
SHP0054,2025-03-20,2025-03-25,2025-03-25,Bengaluru,Pune,SwiftShip,83.33,898
SHP0055,2025-03-22,2025-03-24,2025-03-24,Pune,Delhi,ParcelPro,89.76,1035
SHP0056,2025-03-23,2025-03-27,2025-03-27,Mumbai,Delhi,RoadRunner,80.19,1172
SHP0057,2025-03-25,2025-03-31,2025-03-31,Chennai,Pune,BlueDart,116.62,1309
SHP0058,2025-03-26,2025-03-29,2025-03-29,Kolkata,Delhi,SwiftShip,106.06,1446
SHP0059,2025-03-28,2025-04-02,2025-04-04,Delhi,Pune,ParcelPro,112.49,1583
SHP0060,2025-03-29,2025-03-31,2025-03-30,Hyderabad,Pune,RoadRunner,104.92,1720
SHP0061,2025-03-31,2025-04-04,2025-04-05,Ahmedabad,Delhi,BlueDart,124.35,1857
SHP0062,2025-04-01,2025-04-07,2025-04-07,Bengaluru,Pune,SwiftShip,53.30,314
SHP0063,2025-04-02,2025-04-05,2025-04-05,Pune,Delhi,SwiftShip,71.74,451
SHP0064,2025-04-04,2025-04-09,2025-04-09,Mumbai,Delhi,ParcelPro,78.17,588
SHP0065,2025-04-05,2025-04-07,2025-04-08,Chennai,Pune,RoadRunner,68.60,725
SHP0066,2025-04-07,2025-04-11,2025-04-11,Kolkata,Delhi,BlueDart,90.03,862
SHP0067,2025-04-08,2025-04-14,2025-04-13,Delhi,Pune,SwiftShip,79.46,999
SHP0068,2025-04-10,2025-04-13,2025-04-13,Hyderabad,Pune,ParcelPro,85.90,1136
SHP0069,2025-04-11,2025-04-16,2025-04-18,Ahmedabad,Delhi,RoadRunner,93.33,1273
SHP0070,2025-04-13,2025-04-15,2025-04-18,Bengaluru,Pune,BlueDart,112.76,1410
SHP0071,2025-04-14,2025-04-18,2025-04-18,Pune,Delhi,SwiftShip,119.19,1547
SHP0072,2025-04-15,2025-04-21,2025-04-21,Mumbai,Delhi,SwiftShip,105.62,1684
SHP0073,2025-04-17,2025-04-20,2025-04-20,Chennai,Pune,ParcelPro,112.06,1821
SHP0074,2025-04-18,2025-04-23,2025-04-23,Kolkata,Delhi,RoadRunner,59.01,278
SHP0075,2025-04-20,2025-04-22,2025-04-22,Delhi,Pune,BlueDart,78.44,415
SHP0076,2025-04-21,2025-04-25,2025-04-25,Hyderabad,Pune,SwiftShip,67.87,552
SHP0077,2025-04-23,2025-04-29,2025-04-29,Ahmedabad,Delhi,ParcelPro,91.30,689
SHP0078,2025-04-24,2025-04-27,2025-04-27,Bengaluru,Pune,RoadRunner,66.74,826
SHP0079,2025-04-26,2025-05-01,2025-05-03,Pune,Delhi,BlueDart,86.17,963
SHP0080,2025-04-27,2025-04-29,2025-04-28,Mumbai,Delhi,SwiftShip,92.60,1100
SHP0081,2025-04-29,2025-05-03,2025-05-04,Chennai,Pune,SwiftShip,94.03,1237
SHP0082,2025-04-30,2025-05-06,2025-05-06,Kolkata,Delhi,ParcelPro,100.46,1374
SHP0083,2025-05-01,2025-05-04,2025-05-04,Delhi,Pune,RoadRunner,107.90,1511
SHP0084,2025-05-03,2025-05-08,2025-05-08,Hyderabad,Pune,BlueDart,112.33,1648
SHP0085,2025-05-04,2025-05-06,2025-05-07,Ahmedabad,Delhi,SwiftShip,101.76,1785
SHP0086,2025-05-06,2025-05-10,2025-05-10,Bengaluru,Pune,ParcelPro,64.71,242
SHP0087,2025-05-07,2025-05-13,2025-05-12,Pune,Delhi,RoadRunner,55.14,379
SHP0088,2025-05-09,2025-05-12,2025-05-12,Mumbai,Delhi,BlueDart,91.58,516
SHP0089,2025-05-10,2025-05-15,2025-05-17,Chennai,Pune,SwiftShip,81.01,653
SHP0090,2025-05-12,2025-05-14,2025-05-17,Kolkata,Delhi,SwiftShip,67.44,790
SHP0091,2025-05-13,2025-05-17,2025-05-17,Delhi,Pune,ParcelPro,90.87,927
SHP0092,2025-05-14,2025-05-20,2025-05-20,Hyderabad,Pune,RoadRunner,81.30,1064
SHP0093,2025-05-16,2025-05-19,2025-05-19,Ahmedabad,Delhi,BlueDart,100.74,1201
SHP0094,2025-05-17,2025-05-22,2025-05-22,Bengaluru,Pune,SwiftShip,107.17,1338
SHP0095,2025-05-19,2025-05-21,2025-05-21,Pune,Delhi,ParcelPro,113.60,1475
SHP0096,2025-05-20,2025-05-24,2025-05-24,Mumbai,Delhi,RoadRunner,89.03,1612
SHP0097,2025-05-22,2025-05-28,2025-05-28,Chennai,Pune,BlueDart,125.46,1749
SHP0098,2025-05-23,2025-05-26,2025-05-26,Kolkata,Delhi,SwiftShip,114.90,1886
SHP0099,2025-05-25,2025-05-30,2025-06-01,Delhi,Pune,SwiftShip,55.85,343
SHP0100,2025-05-26,2025-05-28,2025-05-27,Hyderabad,Pune,ParcelPro,79.28,480
SHP0101,2025-05-28,2025-06-01,2025-06-02,Ahmedabad,Delhi,RoadRunner,69.71,617
SHP0102,2025-05-29,2025-06-04,2025-06-04,Bengaluru,Pune,BlueDart,74.14,754
SHP0103,2025-05-30,2025-06-02,2025-06-02,Pune,Delhi,SwiftShip,80.58,891
SHP0104,2025-06-01,2025-06-06,2025-06-06,Mumbai,Delhi,ParcelPro,87.01,1028
SHP0105,2025-06-02,2025-06-04,2025-06-05,Chennai,Pune,RoadRunner,94.44,1165
SHP0106,2025-06-04,2025-06-08,2025-06-08,Kolkata,Delhi,BlueDart,113.87,1302
SHP0107,2025-06-05,2025-06-11,2025-06-10,Delhi,Pune,SwiftShip,103.30,1439
SHP0108,2025-06-07,2025-06-10,2025-06-10,Hyderabad,Pune,SwiftShip,106.74,1576
SHP0109,2025-06-08,2025-06-13,2025-06-15,Ahmedabad,Delhi,ParcelPro,113.17,1713
SHP0110,2025-06-10,2025-06-12,2025-06-15,Bengaluru,Pune,RoadRunner,103.60,1850
SHP0111,2025-06-11,2025-06-15,2025-06-15,Pune,Delhi,BlueDart,79.55,307
SHP0112,2025-06-12,2025-06-18,2025-06-18,Mumbai,Delhi,SwiftShip,68.98,444
SHP0113,2025-06-14,2025-06-17,2025-06-17,Chennai,Pune,ParcelPro,75.42,581
SHP0114,2025-06-15,2025-06-20,2025-06-20,Kolkata,Delhi,RoadRunner,67.85,718
SHP0115,2025-06-17,2025-06-19,2025-06-19,Delhi,Pune,BlueDart,87.28,855
SHP0116,2025-06-18,2025-06-22,2025-06-22,Hyderabad,Pune,SwiftShip,76.71,992
SHP0117,2025-06-20,2025-06-26,2025-06-26,Ahmedabad,Delhi,SwiftShip,95.14,1129
SHP0118,2025-06-21,2025-06-24,2025-06-24,Bengaluru,Pune,ParcelPro,101.58,1266
SHP0119,2025-06-23,2025-06-28,2025-06-30,Pune,Delhi,RoadRunner,92.01,1403
SHP0120,2025-06-24,2025-06-26,2025-06-25,Mumbai,Delhi,BlueDart,113.44,1540
